{"cameraMode":{"drawMode":0,"name":"Shaded","section":"Shading Mode"},"sceneLighting":false,"audioPlay":false,"sceneViewState":{"m_AlwaysRefresh":false,"showFog":true,"showSkybox":false,"showFlares":true,"showImageEffects":true,"showParticleSystems":true,"showVisualEffectGraphs":true,"m_FxEnabled":true},"in2DMode":false,"pivot":{"x":-1.3775665760040284,"y":0.1023569107055664,"z":-4.409186363220215},"rotation":{"x":0.05921226739883423,"y":0.8963779807090759,"z":-0.1261506825685501,"w":0.42082712054252627},"size":1.9396553039550782,"orthographic":false}